1439265086|nonode@nohost|total|19511216
1439265086|nonode@nohost|processes|5198144
1439265086|nonode@nohost|processes_used|5198144
1439265086|nonode@nohost|system|14313072
1439265086|nonode@nohost|atom|202481
1439265086|nonode@nohost|atom_used|189359
1439265086|nonode@nohost|binary|431680
1439265086|nonode@nohost|code|4447323
1439265086|nonode@nohost|ets|310096
1439265146|nonode@nohost|total|19636224
1439265146|nonode@nohost|processes|5256696
1439265146|nonode@nohost|processes_used|5256696
1439265146|nonode@nohost|system|14379528
1439265146|nonode@nohost|atom|202481
1439265146|nonode@nohost|atom_used|190107
1439265146|nonode@nohost|binary|445632
1439265146|nonode@nohost|code|4495278
1439265146|nonode@nohost|ets|311248
2015-08-11 00:17:32.260189|nonode@nohost|total|18823432
2015-08-11 00:17:32.260189|nonode@nohost|processes|4517464
2015-08-11 00:17:32.260189|nonode@nohost|processes_used|4517464
2015-08-11 00:17:32.260189|nonode@nohost|system|14305968
2015-08-11 00:17:32.260189|nonode@nohost|atom|202481
2015-08-11 00:17:32.260189|nonode@nohost|atom_used|189163
2015-08-11 00:17:32.260189|nonode@nohost|binary|435592
2015-08-11 00:17:32.260189|nonode@nohost|code|4439027
2015-08-11 00:17:32.260189|nonode@nohost|ets|308784
2015-08-11 00:18:32.261018|nonode@nohost|total|19010544
2015-08-11 00:18:32.261018|nonode@nohost|processes|4537640
2015-08-11 00:18:32.261018|nonode@nohost|processes_used|4537640
2015-08-11 00:18:32.261018|nonode@nohost|system|14472904
2015-08-11 00:18:32.261018|nonode@nohost|atom|202481
2015-08-11 00:18:32.261018|nonode@nohost|atom_used|190558
2015-08-11 00:18:32.261018|nonode@nohost|binary|499792
2015-08-11 00:18:32.261018|nonode@nohost|code|4530778
2015-08-11 00:18:32.261018|nonode@nohost|ets|312400
